[{"id":1, "title":"juggling", "subcat_id":6, "desc":"Juggling lessons at your home from a seasoned professional", "city":"Las Vegas", "location":"downtown", "price":"$20/hour", "time_stamp":"2020-03-09 16:33:08"},
 {"id":2, "title":"dancing", "subcat_id":6, "desc":"Group Tango lessons", "city":"Las Vegas", "location":"Summerlin South", "price":"free", "time_stamp":"2020-03-09 16:33:08"},
 {"id":3, "title":"skating", "subcat_id":6, "desc":"rollerhockey in the park", "city":"Henderson", "location":"Water Street area", "price":"free", "time_stamp":"2020-03-09 16:33:08"},
 {"id":4, "title":"hockey", "subcat_id":9, "desc":"I will come to your house during a Knights game and explain the rules of hockey to you", "city":"Las Vegas", "location":"Anywhere", "price":"$10.00", "time_stamp":"2020-03-09 16:33:08"},
 {"id":5, "title":"coding", "subcat_id":9, "desc":"learn how to write Javascript", "city":"North Las Vegas", "location":"Aliante", "price":"$100.00", "time_stamp":"2020-03-09 16:33:08"},
 {"id":6, "title":"typing", "subcat_id":9, "desc":"Learn how ta type. I's the best typewriter person around", "city":"Las Vegas", "location":"East side", "price":"$9.99", "time_stamp":"2020-03-09 16:33:08"},
 {"id":7, "title":"rummage sale", "subcat_id":10, "desc":"Large community wide rummage sale.  Over 50 families partcipating.", "city":"Las Vegas", "location":"Centennial Hills", "price":"free", "time_stamp":"2020-03-09 16:33:08"},
 {"id":8, "title":"parade", "subcat_id":10, "desc":"Annual Christmas in July Parade will be on June 30th.  Come enjoy the festivities", "city":"Henderson", "location":"downtown", "price":"free", "time_stamp":"2020-03-09 16:33:08"},
 {"id":9, "title":"dog walk", "subcat_id":10, "desc":"Community wide dog walking event to raise awareness of doggy depression", "city":"Las Vegas", "location":"Fremont Street", "price":"free", "time_stamp":"2020-03-09 16:33:08"},
 {"id":20, "title":"Frisbee golf", "subcat_id":6, "desc":"Can anyone learn me how to golf with frisbees?", "city":"Las Vegas", "location":"northside", "price":"10.00", "time_stamp":"2020-03-09 16:33:08"},
 {"id":21, "title":"Daycare", "subcat_id":8, "desc":"Looking for daycare recommendations in Centennial Hills area.", "city":"Las Vegas", "location":"Northwest", "price":"$40.00 / day", "time_stamp":"2020-03-09 17:30:29"},
 {"id":22, "title":"Estate sale", "subcat_id":10, "desc":"Estate sale on Saturday from 1-4pm.", "city":"Henderson", "location":"near Galleria Mall", "price":"Free", "time_stamp":"2020-03-09 17:43:30"},
 {"id":23, "title":"Horse show", "subcat_id":10, "desc":"Horse gear exhibition and show", "city":"Las Vegas", "location":"Southpoint", "price":"free admission", "time_stamp":"2020-03-09 18:41:29"},
 {"id":24, "title":"Golfing", "subcat_id":6, "desc":"Looking for a golf partner for weekday golf.", "city":"Las Vegas", "location":"Summerlin South", "price":"Free", "time_stamp":"2020-03-09 20:44:41"}]